{"cameraMode":{"drawMode":0,"name":"Shaded","section":"Shading Mode"},"sceneLighting":false,"audioPlay":false,"sceneViewState":{"showFog":true,"showMaterialUpdate":false,"showSkybox":true,"showFlares":true,"showImageEffects":true,"showParticleSystems":true,"showVisualEffectGraphs":true,"m_FxEnabled":false},"in2DMode":false,"pivot":{"x":-1.0405728816986085,"y":-1.20064377784729,"z":23.882917404174806},"rotation":{"x":-0.007809438742697239,"y":-0.005402157548815012,"z":0.00004257066029822454,"w":-0.9999547600746155},"size":22.56449317932129,"orthographic":false}